{
  "status": "Ok",
  "data": [
    {
      "id": 1,
      "question": "Which of these brands are you familiar with?",
      "type": "check",
      "input": "",
      "logic": false,
      "options": [
        "Morning Fresh",
        "Mama Lemon",
        "2sure",
        "Sunlight",
        "Fairy",
        "Easy Life",
        "Avila",
        "Kool",
        "Onix",
        "Truejoy"
      ],
      "dependant": {}
    },
    {
      "id": 2,
      "question": "Which one of these brands is your most preferred?",
      "type": "radio",
      "input": "",
      "logic": false,
      "options": [
        "Morning Fresh",
        "Mama Lemon",
        "2sure",
        "Sunlight",
        "Fairy",
        "Easy Life",
        "Avila",
        "Kool",
        "Onix",
        "Truejoy"
      ],
      "dependant": {}
    },
    {
      "id": 3,
      "question": "What motivates you to make a purchase?",
      "type": "radio",
      "input": "",
      "logic": false,
      "options": [
        "Price",
        "Availability",
        "Quality",
        "Sensitivity"
      ],
      "dependant": {}
    },
    {
      "id": 4,
      "question": "Which social media platform do you use most frequently?",
      "type": "radio",
      "input": "",
      "logic": false,
      "options": [
        "Facebook",
        "Instagram",
        "Snapchat",
        "LinkedIn",
        "TikTok",
        "Twitter"
      ],
      "dependant": {}
    },
    {
      "id": 5,
      "question": "What makes you stick to a particular brand?",
      "type": "radio",
      "input": "",
      "logic": false,
      "options": [
        "Consistent Price",
        "Quality",
        "Always available",
        "Accesibility"
      ],
      "dependant": {}
    },
    {
      "id": 6,
      "question": "How much do you typically spend on these brands",
      "type": "input",
      "input": "number",
      "logic": false,
      "options": [],
      "dependant": {}
    },
    {
      "id": 7,
      "question": "Have you ever returned a product?",
      "type": "radio",
      "input": "",
      "logic": true,
      "options": [
        "Yes",
        "No"
      ],
      "dependant": {
        "question": "If Yes, why?",
        "type": "input",
        "input": "text",
        "options": []
      }
    },
    {
      "id": 8,
      "question": "How do you research products before making a purchase?",
      "type": "radio",
      "input": "",
      "logic": false,
      "options": [
        "Search online",
        "Get reviews",
        "Advert"
      ],
      "dependant": {}
    },
    {
      "id": 9,
      "question": "Have you ever made a purchase based on a social media post or advertisement?",
      "type": "radio",
      "input": "",
      "logic": false,
      "options": [
        "Yes, I Have",
        "No, I Have Not"
      ],
      "dependant": {}
    }
  ]
}